code,species,identification,type
AKLMEL,Akletos melanoceps,AVEVOC,BIO
AMAAMA,Amazona amazonica,AVEVOC,BIO
AMAFAR,Amazona farinosa,AVEVOC,BIO
AMAOCH,Amazona ochrocephala,AVEVOC,BIO
AMMAUR,Ammodramus aurifrons,AVEVOC,BIO
ARACAJ,Aramides cajaneus,AVEVOC,BIO
ARAWED,Aratinga weddellii,AVEVOC,BIO
ARRCON,Arremonops conirostris,AVEVOC,BIO
ATICIT,Attila citriniventris,AVEVOC,BIO
ATTSPA,Attila spadiceus,AVEVOC,BIO
BROCYA,Brotogeris cyanoptera,AVEVOC,BIO
BUCMAC,Bucco macrodactylus,AVEVOC,BIO
CACCEL,Cacicus cela,AVEVOC,BIO
CAMMEL,Campephilus melanoleucos,AVEVOC,BIO
CAMTUR,Campylorhynchus turdinus,AVEVOC,BIO
CANLEU,Cantorchilus leucotis,AVEVOC,BIO
CARPLA,Caracara plancus,AVEVOC,BIO
CATUST,Catharus ustulatus,AVEVOC,BIO
CHIFIM,Chionomesa fimbriata,AVEVOC,BIO
CLAPRE,Claravis pretiosa,AVEVOC,BIO
COEFLA,Coereba flaveola,AVEVOC,BIO
CROANI,Crotophaga ani,AVEVOC,BIO
CROMAJ,Crotophaga major,AVEVOC,BIO
CRYCIN,Crypturellus cinereus,AVEVOC,BIO
CRYUND,Crypturellus undulatus,AVEVOC,BIO
CYAVIO,Cyanocorax violaceus,AVEVOC,BIO
DAPATE,Daptrius ater,AVEVOC,BIO
DENPIC,Dendroplex picus,AVEVOC,BIO
DRYLIN,Dryocopus lineatus,AVEVOC,BIO
EUPCHR,Euphonia chrysopasta,AVEVOC,BIO
EUPLAN,Euphonia laniirostris,AVEVOC,BIO
EUPPER,Eupsittula pertinax,AVEVOC,BIO
GEOMON,Geotrygon montana,AVEVOC,BIO
GLABRA,Glaucidium brasilianum,AVEVOC,BIO
GRAHAP,Grallaria haplonota,AVEVOC,BIO
GYMLEU,Gymnopithys leucaspis,AVEVOC,BIO
HENLEU,Henicorhina leucosticta,AVEVOC,BIO
HYLNAE,Hylophylax naevius,AVEVOC,BIO
HYPPER,Hypocnemis peruviana,AVEVOC,BIO
ICTCAY,Icterus cayaensis,AVEVOC,BIO
JACJAC,Jacana jacana,AVEVOC,BIO
LEGLEU,Legatus leucophaius,AVEVOC,BIO
LEPRUF,Leptotila rufaxilla,AVEVOC,BIO
LEPSOU,Lepidocolaptes souleyetii,AVEVOC,BIO
LURSEM,Lurocalis semitorquatus,AVEVOC,BIO
MACSTR,Machaeropterus striolatus,AVEVOC,BIO
MANMAN,Manacus manacus,AVEVOC,BIO
MEGCHO,Megascops choliba,AVEVOC,BIO
MEGPIT,Megarynchus pitagua,AVEVOC,BIO
MELCRU,Melanerpes cruentats,AVEVOC,BIO
MESCAY,Mesembrinibis cayanensis,AVEVOC,BIO
MILCHI,Milvago chimachima,AVEVOC,BIO
MYICAY,Myiozetetes cayanensis,AVEVOC,BIO
MYIGRA,Myiozetetes granadensis,AVEVOC,BIO
MYISIM,Myiozetetes similis,AVEVOC,BIO
MYITUB,Myiarchus tuberculifer,AVEVOC,BIO
MYRBRA,Myrmotherula brachyura,AVEVOC,BIO
MYRLEU,Myrmoborus leucophrys,AVEVOC,BIO
NYCALB,Nyctidromus albicollis,AVEVOC,BIO
NYCGRA,Nyctibius grandis,AVEVOC,BIO
NYCGRI,Nyctibius griseus,AVEVOC,BIO
ODOHYP,Odontophorus hyperythrus,AVEVOC,BIO
ORTGUT,Ortalis guttata,AVEVOC,BIO
ORTMAN,Orthopsittaca manilatus,AVEVOC,BIO
PACPOL,Pachyramphus polychopterus,AVEVOC,BIO
PATCAY,Patagioenas cayennensis,AVEVOC,BIO
PATSUB,Patagioenas subvinacea,AVEVOC,BIO
PHIINF,Phimosus infuscatus,AVEVOC,BIO
PIACAY,Piaya cayana,AVEVOC,BIO
PIOMEN,Pionus menstruus,AVEVOC,BIO
PITSUL,Pitangus sulphuratus,AVEVOC,BIO
PLACOR,Platyrinchus coronatus,AVEVOC,BIO
PSAANG,Psarocolius angustifrons,AVEVOC,BIO
PSABIF,Psarocolius bifasciatus,AVEVOC,BIO
PSADEC,Psarocolius decumanus,AVEVOC,BIO
PSITTACIDAE,–,AVEVOC,BIO
PSITTACIFORMES,–,AVEVOC,BIO
PTECAS,Pteroglossus castanotis,AVEVOC,BIO
PTEPLU,Pteroglossus pluricinctus,AVEVOC,BIO
QUEPUR,Querula purpurata,AVEVOC,BIO
RAMCAR,Ramphocelus carbo,AVEVOC,BIO
RAMMEL,Ramphoceaenus melanurus,AVEVOC,BIO
RAMTUC,Ramphastos tucanus,AVEVOC,BIO
RAMVIT,Ramphastos vitellinus,AVEVOC,BIO
RHACAR,–,AVEVOC,BIO
RHATUC,Ramphastos tucanus,AVEVOC,BIO
RUPMAG,Rupornis magnirostris,AVEVOC,BIO
SALSTR,Saltator striatipectus,AVEVOC,BIO
SCLNAE,Sclateria naevia,AVEVOC,BIO
SPITYR,Spizaetus tyrannus,AVEVOC,BIO
SPOANG,Sporophila angolensis,AVEVOC,BIO
SPOINT,Sporophila intermedia,AVEVOC,BIO
SYNALB,Synallaxis albescens,AVEVOC,BIO
TACSQU,Tachornis squamata,AVEVOC,BIO
THASCH,Thamnophilus schistaceus,AVEVOC,BIO
THREPI,Thraupis episcopus,AVEVOC,BIO
THRPAL,Thraupis palmarum,AVEVOC,BIO
TINGUT,Tinamus guttatus,AVEVOC,BIO
TODCHR,Todirostrum chrysocrotaphum,AVEVOC,BIO
TOLSUL,Tolmomyias sulphurescens,AVEVOC,BIO
TOLVIR,Tolmomyias viridiceps,AVEVOC,BIO
TROVIR,Trogon viridis,AVEVOC,BIO
TURIGN,Turdus ignobilis,AVEVOC,BIO
TYRELA,Tyrannulus elatus,AVEVOC,BIO
TYRMEL,Tyrannus melancholicus,AVEVOC,BIO
VANCHI,Vanellus chilensis,AVEVOC,BIO
VOLJAC,Volatinia jacarina,AVEVOC,BIO
XIPGUT,Xiphorhynchus guttatus,AVEVOC,BIO
SYNCAN,Synallaxis candei,AVEVOC,BIO
FURLEU,Furnarius leucopus,AVEVOC,BIO
SALOLI,Saltator olivascens,AVEVOC,BIO
ATRPIL,Atalotriccus pilaris,AVEVOC,BIO
ANTNIG,Anthracothorax nigricollis,AVEVOC,BIO
DAPCHI,Daptrius  chimachima,AVEVOC,BIO
TOLFLA,Tolmomyias flaviventris,AVEVOC,BIO
CHRICT,Chrysomus icterocephalus,AVEVOC,BIO
CROSUL,Crotophaga sulcirostris,AVEVOC,BIO
CYAAFF,Cyanocorax affinis,AVEVOC,BIO
DENAUT,Dendrocygna autumnalis,AVEVOC,BIO
COLCRI,Colinus cristatus,AVEVOC,BIO
ORTGAR,Ortalis garrula,AVEVOC,BIO
CONLEU,Conirostrum leucogenys,AVEVOC,BIO
FLUPIC,Fluvicola pica,AVEVOC,BIO
EUPTRI,Euphonia trinitatis,AVEVOC,BIO
TAPNAE,Tapera naevia,AVEVOC,BIO
CERCIN,Certhiaxis cinnamomeus ,AVEVOC,BIO
MYITYR,Myiarchus tyrannulus,AVEVOC,BIO
ICTNIG,Icterus nigrogularis,AVEVOC,BIO
COLSQU,Columbina squammata,AVEVOC,BIO
TROAED,Troglodytes aedon,AVEVOC,BIO
QUILUG,Quiscalus lugubris,AVEVOC,BIO
FORSPE,Forpus spengeli,AVEVOC,BIO
PORMAR,Porphyrio martinica,AVEVOC,BIO
PROTAP,Progne tapera,AVEVOC,BIO
CAMGRI,Campylorhynchus griseus,AVEVOC,BIO
POESYL,Poecilotriccus sylvia,AVEVOC,BIO
SAKCAN,Sakesphorus canadensis,AVEVOC,BIO
CYCGUJ,Cyclarhis gujanensis,AVEVOC,BIO
GALRUF,Galbula ruficauda,AVEVOC,BIO
ELAFOR,Elanoides forficatus,AVEVOC,BIO
LEPVER,Leptotila verreauxi,AVEVOC,BIO
PICIDA_1,Picidae,AVEVOC,BIO
BROJUG,Brotogeris jugularis,AVEVOC,BIO
NEMPIL,Nemosia pileata,AVEVOC,BIO
COLTAL,Columbina talpacoti,AVEVOC,BIO
INECAU,Inezia caudata,AVEVOC,BIO
RAMSUL,Ramphastos sulfuratus,AVEVOC,BIO
HYLFLA,Hylophilus flavipes,AVEVOC,BIO
ARAGUA,Aramus guarauna,AVEVOC,BIO
PHAMUR,Phaeomyias murina,AVEVOC,BIO
LATALB,Laterallus albigularis,AVEVOC,BIO
MACRIX,Machetornis rixosa,AVEVOC,BIO
CAMNUC,Campylorhynchus nuchalis,AVEVOC,BIO
ELAFLA,Elaenia flavogaster,AVEVOC,BIO
ZENAUR,Zenaida auriculata,AVEVOC,BIO
HYPRUF,Hypnellus ruficollis,AVEVOC,BIO
TYRANN_SP1,Tyrannidae sp 1,AVEVOC,BIO
PSITTA,Psittacidae sp.,AVEVOC,BIO
ATAPIL,Atalotriccus pilaris,AVEVOC,BIO
POELAT,Poecilotriccus latirostris,AVEVOC,BIO
TOLASS,Tolmomyias assimilis,AVEVOC,BIO
PYGCYA,Pygochelidon cyanoleuca,AVEVOC,BIO
HYPFLA,Hypocnemis flavescens,AVEVOC,BIO
CAMOBS,Camptostoma obsoletum,AVEVOC,BIO
SYNGUJ,Synallaxis gujanensis,AVEVOC,BIO
DENCER,Dendrocolaptes certhia,AVEVOC,BIO
PSILEU,Psittacara leucophthalmus,AVEVOC,BIO
LEPCOR,Lepidothrix coronata,AVEVOC,BIO
